n,operation,dynamic_array_time_ns,dynamic_array_movements,linked_list_time_ns,linked_list_accesses
100,insert_beginning,1458820,599500,21320,1000
100,remove_beginning,1125280,549500,79740,0
100,insert_middle,1430400,549500,134820,50000
100,remove_middle,803360,499500,99900,50000
1000,insert_beginning,1006600,1499500,20340,1000
1000,remove_beginning,968880,999500,2702480,0
1000,insert_middle,692740,999500,575480,500000
1000,remove_middle,517560,499500,676440,500000
10000,insert_beginning,583580,10499500,13580,1000
10000,remove_beginning,364460,9499500,11760,0
10000,insert_middle,345820,5499500,9505040,5000000
10000,remove_middle,167180,4499500,9741360,5000000
100000,insert_beginning,6496420,100499500,6820,1000
100000,remove_beginning,5683100,99499500,5180,0
100000,insert_middle,3160760,50499500,68540980,50000000
100000,remove_middle,3103440,49499500,63155180,50000000